row_index,sha256_12hex_of_raw_rsna_patient_id
1,2970dc7177da
2,5e43aee89ad2
3,d0b6a92d089b
4,32e284856a5f
5,4cbae427b31a
6,ce4535f82c3b
7,9da9fca10890
8,099207690c99
9,e8a25b852f17
10,60d2e3ce4609
11,d446fb3cb293
12,9e51c2abb536
13,0b6d6b4db80d
14,7776f4680a25
15,95808af7a57a
16,06929186e635
17,212fe13dbc7b
18,e0410c66b970
19,4672d07b2421
20,5df454580177
21,cc7c23d6044c
22,4e1bb14aa23e
23,c35c721c98f3
24,06b610ff9f1f
25,7451edb70cf9
26,ca1ee47eb661
27,acb4ca137e90
28,95fd74c952aa
29,b60785c4f1a9
30,4803953343cd
31,105e7242f23b
32,91ca70b01136
33,7d0965b486a4
34,3841de9cc22c
35,0954159d397a
36,9de07e5004d4
37,86b8966a9e3d
38,6976554ea186
39,721bae9b2241
40,57ae787c18f2
41,e82ae0c11fe9
42,7061f1cb1915
43,cd8d2379aa4a
44,b587ebbcf091
45,55a5798bbd3c
46,0e7228f17ebb
47,825129b0e227
48,e73325693fed
49,3fdcc391596d
50,b4f66960036d
51,2c204728992d
52,d498ef5935b3
53,41885fec243f
54,4f2667d7df9d
55,017d175d3aa6
56,ba32d070087e
57,d79bd0d7ff46
58,b7d81e61890a
59,38b520a1422c
60,65650de61a40
61,88401135337d
62,12b459a2797d
63,4b74a967cdad
64,b998621bfc86
65,e9bc69c7bf62
66,876863f2987f
67,799c1be4f784
68,650f1049c2d8
69,e40e1a1e17e9
70,891e94f75aa8
71,0e371d33f130
72,4c921e38b1d1
73,486f66faf237
74,dfd8a6b51318
75,2aa0d5794a7a
76,4bc48d898507
77,90197cbcf159
78,912dedd31500
79,14d796cdfc22
80,6316474613fd
81,159512374cfb
82,d22ba13ca8b6
83,4043331c6708
84,bc6a67cc01da
85,a11efb1b47f9
86,98caef0e76e0
87,d6648236b084
88,8af256b282ef
89,b63436d44d7c
90,b0453e0ff637
91,4034fd7f9635
92,324af01cf51c
93,9d8bf8b0b980
94,b87b1d56a0ef
95,8f63cfdff215
96,ab3d386049d8
97,eb706499d1c3
98,3d858af08319
99,bd92ed08c5ec
100,b3c7a450096d
101,8abb44091fd4
102,1af29c5686f6
103,26d616da4ac0
104,7a5360b0c0c4
105,26014dee6057
106,94a30fb53fc4
107,996c30dd04a4
108,a29f714936f3
109,f5561045877d
110,20bbc2cd7dcb
111,3bc4b0ac72d4
112,d35058548ecc
113,33e86eb363af
114,53738f4f0b96
115,e83bf2a802cf
116,e4d8964d768b
117,bc57540f13cb
118,ef68e72ede9b
119,a5daabf8618a
120,5248bfc94a6b
121,18bf85eab814
122,8991ef5f788b
123,99e87e485309
124,9eb86ea25561
125,9e1e0353e356
126,a4106eb76c71
127,cdaca65b983d
128,794013318668
129,4b45bdb02085
130,70d14dde83d3
131,7638f6eeef4b
132,fa55bcfa10a3
133,c2f92cb6c7ab
134,bb87cdedc7b6
135,bc6f1fdbc8e2
136,a320d38b9748
137,545741d89d40
138,b6d030fcae71
139,7f6e48b945b1
140,b30c4d6af8fb
141,7d18da372620
142,f67abd9d639c
143,2b6c3070aa95
144,ffa9c0d29930
145,e9e3edb4bc0e
146,a6d1c0231249
147,43c090f4007d
148,be24089e8994
149,48beb0e3589b
150,8c65441c435b
151,ccee42c8f09e
152,936d2502f816
153,f8f244dd1055
154,b917e88c7f7c
155,0031c443c506
156,fa55b94d0052
157,9a0b022ec4be
158,ae78478b64ea
159,bf557d28c317
160,ad405aef3e50
161,70fbc40f907c
162,498757309c71
163,871998d57171
164,375ecd20f370
165,cff300ce1221
166,74d0107ddc59
167,905b5336601f
168,f7500a78a458
169,f2ff317847d5
170,e0223a5ce747
171,248c7ff2efba
172,ed495a26ae8c
173,ce3183abe309
174,fb069494778c
175,efddccd62c77
176,2288990260a0
177,8e4083ef9979
178,42f21916b790
179,8b532c55cbfa
180,25d9de0dd15d
181,e6d2f52f1847
182,12c53952b457
183,d09af0a3d0a5
184,f7228ccd187f
185,bbddd0b89a6a
186,227cbd5f63a9
187,a4a281d72614
188,b971a0fea6a6
189,6a127e917e7d
190,e3b01f0c63c0
191,4fecdb069c1a
